PepName,Taste,Vitro_verit,Status,Len,Taste_num
AE,Umami,1,1,2,2
RL,Umami,1,1,2,2
NY,Umami,1,1,2,2
DA,Umami,1,1,2,2
DL,Umami,1,1,2,2
DK,Umami,1,1,2,2
DD,Umami,1,1,2,2
DE,Umami,1,1,2,2
CE,"Sour,Umami",1,1,2,2
EA,Umami,1,1,2,2
EN,Umami,1,1,2,2
ED,Umami,1,1,2,2
EE,Umami,1,1,2,2
EG,Umami,1,1,2,2
EL,Umami,1,1,2,2
EK,Umami,1,1,2,2
EP,Umami,1,1,2,2
ES,Umami,1,1,2,2
ET,Umami,1,1,2,2
EY,Umami,1,1,2,2
EV,"Sweet,Umami",1,1,2,2
GD,Umami,1,1,2,2
LD,Bitter,1,1,2,1
QP,Umami,1,1,2,2
LEL,Bitter,1,1,3,1
KG,Umami,1,1,2,2
PE,Umami,1,1,2,2
TE,Umami,1,1,2,2
HS,Umami,1,1,2,2
LM,"Sour,Bitter",1,1,2,1
VT,Umami,1,1,2,2
RFPHADF,"Bitter,Astringent",1,1,7,1
AEA,Umami,1,1,3,2
AED,Umami,1,1,3,2
ADA,Umami,1,1,3,2
ADE,Umami,1,1,3,2
DAG,Umami,1,1,3,2
DAE,Umami,1,1,3,2
DDD,Umami,1,1,3,2
GY,Bitter,1,1,2,1
DDE,Umami,1,1,3,2
DQR,"Sour,Umami,Astringent",1,1,3,2
DR,"Umami,Astringent",1,1,2,2
NAL,Bitter,1,1,3,1
DED,Umami,1,1,3,2
DEE,Umami,1,1,3,2
ASEFFR,"Sour,Bitter",1,1,6,1
DEL,Umami,1,1,3,2
YGLF,Bitter,1,1,4,1
NGG,Umami,1,1,3,2
IPAVF,Bitter,1,1,5,1
DES,Umami,1,1,3,2
LLF,Bitter,1,1,3,1
YPFPGPIPN,Bitter,1,1,9,1
FW,Bitter,1,1,2,1
NNP,"Sweet,Umami",1,1,3,2
LLL,Bitter,1,1,3,1
GL,Bitter,1,1,2,1
GF,Bitter,1,1,2,1
EDD,Umami,1,1,3,2
FL,Bitter,1,1,2,1
PR,Bitter,1,1,2,1
EDE,Umami,1,1,3,2
EDF,Umami,1,1,3,2
EDV,Umami,1,1,3,2
EDG,"Sour,Umami",1,1,3,2
EQE,Umami,1,1,3,2
GR,Bitter,1,1,2,1
EEE,Umami,1,1,3,2
YP,Bitter,1,1,2,1
IV,Bitter,1,1,2,1
EED,Umami,1,1,3,2
KF,Bitter,1,1,2,1
EEL,Umami,1,1,3,2
RG,Bitter,1,1,2,1
RR,Bitter,1,1,2,1
EEK,Umami,1,1,3,2
VI,Bitter,1,1,2,1
ESV,Umami,1,1,3,2
EGS,Umami,1,1,3,2
PK,Bitter,1,1,2,1
PP,Bitter,1,1,2,1
LI,Bitter,1,1,2,1
GDG,Umami,1,1,3,2
YG,Bitter,1,1,2,1
GFP,Umami,1,1,3,2
LDL,Umami,1,1,3,2
LVG,Umami,1,1,3,2
PLA,Umami,1,1,3,2
PAQ,Umami,1,1,3,2
PGD,Umami,1,1,3,2
PSG,Umami,1,1,3,2
SEE,Umami,1,1,3,2
VF,Bitter,1,1,2,1
SPE,Umami,1,1,3,2
SFG,Umami,1,1,3,2
TAY,Umami,1,1,3,2
TPE,Umami,1,1,3,2
VAV,Umami,1,1,3,2
VDV,Umami,1,1,3,2
VEV,Umami,1,1,3,2
VES,Umami,1,1,3,2
VY,Bitter,1,1,2,1
VGG,Umami,1,1,3,2
KP,Bitter,1,1,2,1
RF,Bitter,1,1,2,1
VPY,Umami,1,1,3,2
YY,Bitter,1,1,2,1
IF,Bitter,1,1,2,1
AAPY,Umami,1,1,4,2
RP,Bitter,1,1,2,1
FI,Bitter,1,1,2,1
YF,Bitter,1,1,2,1
AV,Bitter,1,1,2,1
VA,Bitter,1,1,2,1
PA,Bitter,1,1,2,1
ID,Bitter,1,1,2,1
ESLA,Umami,1,1,4,2
IE,Bitter,1,1,2,1
EDQK,Umami,1,1,4,2
IS,Bitter,1,1,2,1
GGGE,Umami,1,1,4,2
IT,Bitter,1,1,2,1
IQ,Bitter,1,1,2,1
SL,Bitter,1,1,2,1
IN,Bitter,1,1,2,1
GGPG,Umami,1,1,4,2
WE,Bitter,1,1,2,1
IK,Bitter,1,1,2,1
AL,Bitter,1,1,2,1
LA,Bitter,1,1,2,1
PY,Bitter,1,1,2,1
GW,Bitter,1,1,2,1
IQEL,Umami,1,1,4,2
PL,Bitter,1,1,2,1
PI,Bitter,1,1,2,1
IP,Bitter,1,1,2,1
YL,Bitter,1,1,2,1
LEQL,Umami,1,1,4,2
LY,Bitter,1,1,2,1
IW,Bitter,1,1,2,1
FY,Bitter,1,1,2,1
LW,Bitter,1,1,2,1
WW,Bitter,1,1,2,1
QEEK,Umami,1,1,4,2
GV,Bitter,1,1,2,1
LG,Bitter,1,1,2,1
GP,Bitter,1,1,2,1
AF,Bitter,1,1,2,1
NRTF,Umami,1,1,4,2
FG,Bitter,1,1,2,1
IG,Bitter,1,1,2,1
VL,Bitter,1,1,2,1
PF,Bitter,1,1,2,1
GI,Bitter,1,1,2,1
LL,Bitter,1,1,2,1
VEAL,Umami,1,1,4,2
II,Bitter,1,1,2,1
IL,Bitter,1,1,2,1
FP,Bitter,1,1,2,1
LF,Bitter,1,1,2,1
FF,Bitter,1,1,2,1
LGG,Bitter,1,1,3,1
GGV,Bitter,1,1,3,1
PGR,Bitter,1,1,3,1
GPG,Bitter,1,1,3,1
GYG,Bitter,1,1,3,1
RGP,Bitter,1,1,3,1
GLG,Bitter,1,1,3,1
GGL,Bitter,1,1,3,1
GGP,Bitter,1,1,3,1
PGP,Bitter,1,1,3,1
PPG,Bitter,1,1,3,1
LLG,Bitter,1,1,3,1
LGL,Bitter,1,1,3,1
FGG,Bitter,1,1,3,1
FPP,Bitter,1,1,3,1
RRR,Bitter,1,1,3,1
GFG,Bitter,1,1,3,1
FFG,Bitter,1,1,3,1
PPP,Bitter,1,1,3,1
GGF,Bitter,1,1,3,1
FGF,Bitter,1,1,3,1
GRP,Bitter,1,1,3,1
RPG,Bitter,1,1,3,1
GFF,Bitter,1,1,3,1
FFF,Bitter,1,1,3,1
RRPPFF,Bitter,1,1,6,1
RGPPFIV,Bitter,1,1,7,1
RPPPFFF,Bitter,1,1,7,1
RRPPPFFF,Bitter,1,1,8,1
VYPFPPGINH,Bitter,1,1,10,1
RPGFF,Bitter,1,1,5,1
RPGGFF,Bitter,1,1,6,1
FFRPFFRPFF,Bitter,1,1,10,1
RPFG,Bitter,1,1,4,1
GPFF,Bitter,1,1,4,1
RGFF,Bitter,1,1,4,1
RPGF,Bitter,1,1,4,1
FFPR,Bitter,1,1,4,1
GLL,Bitter,1,1,3,1
GGGLG,Bitter,1,1,5,1
GGLGG,Bitter,1,1,5,1
LGGGG,Bitter,1,1,5,1
GLGGG,Bitter,1,1,5,1
GGGGL,Bitter,1,1,5,1
GGLG,Bitter,1,1,4,1
GLGG,Bitter,1,1,4,1
LGGG,Bitter,1,1,4,1
GGGL,Bitter,1,1,4,1
LLLL,Bitter,1,1,4,1
PGG,Bitter,1,1,3,1
FPK,Bitter,1,1,3,1
YGG,Bitter,1,1,3,1
PPF,Bitter,1,1,3,1
VIF,Bitter,1,1,3,1
YGY,Bitter,1,1,3,1
RRPFF,Bitter,1,1,5,1
YYG,Bitter,1,1,3,1
KPF,Bitter,1,1,3,1
GYY,Bitter,1,1,3,1
FPF,Bitter,1,1,3,1
FFPP,Bitter,1,1,4,1
GPPF,Bitter,1,1,4,1
VYPFPPIGNH,Bitter,1,1,10,1
VYPF,Bitter,1,1,4,1
RPFF,Bitter,1,1,4,1
RGPGPIIV,Bitter,1,1,8,1
RPFFRPFF,Bitter,1,1,8,1
PVRGPFPIIV,Bitter,1,1,10,1
RPFFRPFFRPFF,Bitter,1,1,12,1
RGPPFIVRGPPFIV,Bitter,1,1,14,1
PVLGPVRGPFPIIV,Bitter,1,1,14,1
FGFG,Bitter,1,1,4,1
FGGF,Bitter,1,1,4,1
PVLGPV,Bitter,1,1,6,1
PFPIIV,Bitter,1,1,6,1
VIIPFPG,Bitter,1,1,7,1
RGPFPIV,Bitter,1,1,7,1
VIPFPGR,Bitter,1,1,7,1
VIIPFPGR,Bitter,1,1,8,1
GVV,Bitter,1,1,3,1
FIV,Bitter,1,1,3,1
RGPPGF,Bitter,1,1,6,1
RRPPGF,Bitter,1,1,6,1
RGPPFF,Bitter,1,1,6,1
RGPPGGV,Bitter,1,1,7,1
RGPPGIG,Bitter,1,1,7,1
RGPPGGF,Bitter,1,1,7,1
RGPPFGG,Bitter,1,1,7,1
RGPPGFG,Bitter,1,1,7,1
RGPPGFF,Bitter,1,1,7,1
RGPPFFF,Bitter,1,1,7,1
RGPPGGFF,Bitter,1,1,8,1
RGPPGGGFF,Bitter,1,1,9,1
RGPPF,Bitter,1,1,5,1
PPFIV,Bitter,1,1,5,1
GPPFIV,Bitter,1,1,6,1
RPPFIV,Bitter,1,1,6,1
RGPFIV,Bitter,1,1,6,1
RGPPFI,Bitter,1,1,6,1
PFIV,Bitter,1,1,4,1
VIFPPG,Bitter,1,1,6,1
VIFPPGR,Bitter,1,1,7,1
FPPFIV,Bitter,1,1,6,1
KPPFIV,Bitter,1,1,6,1
GGRGPPFIV,Bitter,1,1,9,1
RGPPFIVGG,Bitter,1,1,9,1
GGRGPPFIVGG,Bitter,1,1,11,1
VVV,Bitter,1,1,3,1
GGVVV,Bitter,1,1,5,1
FFPGG,Bitter,1,1,5,1
GGFFGG,Bitter,1,1,6,1
RPFFGG,Bitter,1,1,6,1
FFGG,Bitter,1,1,4,1
RRPP,Bitter,1,1,4,1
FFPE,Bitter,1,1,4,1
GGFF,Bitter,1,1,4,1
FFPG,Bitter,1,1,4,1
GGRPFFGG,Bitter,1,1,8,1
VYP,Bitter,1,1,3,1
KPK,Bitter,1,1,3,1
PFP,Bitter,1,1,3,1
YPF,Bitter,1,1,3,1
PFPP,Bitter,1,1,4,1
RGGFIV,Bitter,1,1,6,1
RGPKPIIV,Bitter,1,1,8,1
RGPPFIIV,Bitter,1,1,8,1
RGPEPIIV,Bitter,1,1,8,1
RGPFPIIV,Bitter,1,1,8,1
VYPFPPG,Bitter,1,1,7,1
VYPFPPGI,Bitter,1,1,8,1
VYPFPPGIGG,Bitter,1,1,10,1
VYPFGGGINH,Bitter,1,1,10,1
EGG,Bitter,1,1,3,1
DLL,Bitter,1,1,3,1
ELL,Bitter,1,1,3,1
PIP,Bitter,1,1,3,1
PGPIP,Bitter,1,1,5,1
PGPGPG,Bitter,1,1,6,1
PFPGPI,Bitter,1,1,6,1
PFPGPIP,Bitter,1,1,7,1
YPFPGPI,Bitter,1,1,7,1
AFDEK,Umami,1,1,5,2
EEDGK,Umami,1,1,5,2
EAGIQ,"Sour,Sweet,Salty,Umami",1,1,5,2
EQQQQ,"Salty,Umami",1,1,5,2
LPEEV,"Sour,Sweet,Umami",1,1,5,2
CALTP,"Umami,Kokumi",1,1,5,2
EESLA,Umami,1,1,5,2
EQEEK,Umami,1,1,5,2
VVGET,Umami,1,1,5,2
SAEQT,Umami,1,1,5,2
HCHTN,Umami,1,1,5,2
SEGGR,Umami,1,1,5,2
KSAEN,"Sour,Sweet,Umami",1,1,5,2
KGDEE,Umami,1,1,5,2
ALPAEV,Umami,1,1,6,2
NVVGET,Umami,1,1,6,2
CCNKSV,Umami,1,1,6,2
ENINEL,Umami,1,1,6,2
ALPEEV,"Sour,Umami,Astringent",1,1,6,2
TESSSE,"Umami,Kokumi,Astringent",1,1,6,2
KAPSTM,Umami,1,1,6,2
INEL,Umami,1,1,4,2
GPDPER,Umami,1,1,6,2
INKPGL,Umami,1,1,6,2
SDSCIR,Umami,1,1,6,2
QDSIGS,Umami,1,1,6,2
ADGLWL,Umami,1,1,6,2
GFLGPQ,Umami,1,1,6,2
WDDMEK,"Sour,Salty,Umami,Kokumi",1,1,6,2
VADLMR,"Sweet,Umami",1,1,6,2
STELFK,"Sweet,Salty,Umami",1,1,6,2
DALKKK,"Sweet,Umami",1,1,6,2
KEMQKN,"Sour,Umami",1,1,6,2
HNESQN,"Sour,Salty,Umami",1,1,6,2
TGDPEK,"Sour,Umami",1,1,6,2
KGGGGP,"Sour,Umami",1,1,6,2
AHSVRFY,Umami,1,1,7,2
ASNMSDL,Umami,1,1,7,2
LQPLNAH,Umami,1,1,7,2
IQQDDCK,Umami,1,1,7,2
SEASNNK,Umami,1,1,7,2
IGPGLGR,Umami,1,1,7,2
AGDDAPR,Umami,1,1,7,2
KDGGGGK,Umami,1,1,7,2
AEASALR ,"Sour,Umami",1,1,8,2
LGDVLVR,"Sour,Salty,Umami",1,1,7,2
FVGLQER,Umami,1,1,7,2
RGEPNND,"Sour,Umami,Astringent",1,1,7,2
AGAGPTP,Umami,1,1,7,2
VYETPDR,Umami,1,1,7,2
DAPYDYK,Umami,1,1,7,2
NQEGLFR,Umami,1,1,7,2
AQALQAQA,"Sweet,Umami",1,1,8,2
KGDEESLA,Umami,1,1,8,2
KGSLADEE,Umami,1,1,8,2
SLADEEKG,Umami,1,1,8,2
SLAKGDEE,Umami,1,1,8,2
YGGTPPFV,Umami,1,1,8,2
VAPEEHPT,Umami,1,1,8,2
FAGDDAPR,Umami,1,1,8,2
PECGLVVG,Umami,1,1,8,2
FADNVFAL,Umami,1,1,8,2
RPNPFENR,"Sweet,Umami",1,1,8,2
DPLRGGYY,"Umami,Kokumi",1,1,8,2
QAEADMAR,Umami,1,1,8,2
HGEDKEGE,Umami,1,1,8,2
IPIPATKT,Umami,1,1,8,2
GRVSNCAA,"Sweet,Umami",1,1,8,2
QIEELEGK,"Umami,Astringent",1,1,8,2
TDVEQEGD,"Sour,Umami,Astringent",1,1,8,2
GLLPDGTPR,"Sour,Sweet,Umami",1,1,9,2
STMLLESER,Umami,1,1,9,2
LLLPGELAK,Umami,1,1,9,2
LLLPGELAF,"Sweet,Umami",1,1,9,2
PGPAGPAGP,Umami,1,1,9,2
GPAGPAGPR,"Sweet,Umami",1,1,9,2
MAASGDVGK,"Sweet,Umami",1,1,9,2
TREQMIHER,Umami,1,1,9,2
EGSTIGLSK,Umami,1,1,9,2
ANPGPVRDLR,"Sweet,Salty,Umami",1,1,10,2
QVAIAHRDAK,"Sweet,Umami",1,1,10,2
AGFAGDDAPR,"Sweet,Umami,Kokumi",1,1,10,2
GYSFTTTAER,Umami,1,1,10,2
GFSFTTTAER,"Sweet,Umami",1,1,10,2
VVLNPVARVE,Umami,1,1,10,2
LLDAFFFDNK,Umami,1,1,10,2
EATLWDMEEK,Umami,1,1,10,2
VLPTDQNFILR,Umami,1,1,11,2
MTNLLEDLSFR,Umami,1,1,11,2
LPLLEEAFLSR,Umami,1,1,11,2
MEREQEESTMR,Umami,1,1,11,2
VTADESQQDVLF,Umami,1,1,12,2
DAGVIAGLNVLR,"Sweet,Umami,Kokumi",1,1,12,2
NALKSVECYDAR,"Sweet,Umami",1,1,12,2
AKLTSLEEECQR,Umami,1,1,12,2
GFGDSCTPGKNER,Umami,1,1,13,2
YADSNIQINGTDR,Umami,1,1,13,2
YLASCLSSVKEEK,"Sweet,Umami",1,1,13,2
RGENESEEEGAIVT,"Umami,Kokumi,Astringent",1,1,14,2
RGENESDEFGAIVT,Umami,1,1,14,2
AREIALQELGEQAK,Umami,1,1,14,2
EQLEATVQKLDESR,Umami,1,1,14,2
IMEALAGAGIDPRR,Umami,1,1,14,2
RGENESDEQGAIVT,"Umami,Astringent",1,1,14,2
SGVVAAVNDAAKDFHG,Umami,1,1,16,2
VLSLNSGTEAVEAAIK,Umami,1,1,16,2
EMH,Umami,1,1,3,2
VEH,Umami,1,1,3,2
GLE,Umami,1,1,3,2
TGC,Umami,1,1,3,2
QL,Umami,1,1,2,2
HV,Umami,1,1,2,2
PET,Umami,1,1,3,2
DEDFKREP,"Sour,Umami",1,1,8,2
APA,Umami,1,1,3,2
DCG,Umami,1,1,3,2
LYER,"Sweet,Umami,Kokumi",1,1,4,2
VRSY,"Sweet,Umami,Kokumi",1,1,4,2
NGKET,Umami,1,1,5,2
EHAMLN,"Umami,Kokumi",1,1,6,2
EFKEYN,Umami,1,1,6,2
KGRYER,"Sweet,Umami,Kokumi",1,1,6,2
TLRRCM,"Umami,Kokumi",1,1,6,2
DFKREP,Umami,1,1,6,2
DREKFDE,Umami,1,1,7,2
PGGVRNG,"Sour,Umami,Kokumi",1,1,7,2
PVARMCR,"Umami,Kokumi",1,1,7,2
NWDDMEK,"Sweet,Umami",1,1,7,2
EFEGGSIEH,Umami,1,1,9,2
YKCKDGDLR,"Umami,Kokumi",1,1,9,2
ASLDGEFKG,"Sweet,Umami,Kokumi",1,1,9,2
DVNNPANQLD,Umami,1,1,10,2
NNENQLDEYQR,Umami,1,1,11,2
ALASLDGEFKG,"Sweet,Umami,Kokumi",1,1,11,2
