PepName,Really_Taste,Umami_SCM,Bitter_SCM,Bitter_BERT,Umami_YYDS
AE,Umami,1,1,1,1
RL,Umami,1,1,1,1
NY,Umami,1,1,1,1
DA,Umami,1,0,0,1
DL,Umami,1,0,0,1
DK,Umami,0,0,0,1
DD,Umami,1,1,0,1
DE,Umami,1,1,0,1
CE,"Sour,Umami",0,1,1,1
EA,Umami,1,0,1,1
EN,Umami,1,0,0,1
ED,Umami,1,0,0,1
EE,Umami,1,0,0,1
EG,Umami,1,0,0,1
EL,Umami,1,0,0,1
EK,Umami,1,1,0,1
EP,Umami,0,0,0,1
ES,Umami,1,1,0,1
ET,Umami,0,0,0,1
EY,Umami,1,0,0,1
EV,"Sweet,Umami",1,0,0,1
GD,Umami,1,1,1,1
LD,Bitter,0,1,0,1
QP,Umami,0,1,1,1
LEL,Bitter,1,0,0,1
KG,Umami,1,1,0,1
PE,Umami,1,0,0,1
TE,Umami,1,0,1,1
HS,Umami,0,1,1,1
LM,"Sour,Bitter",0,0,0,1
VT,Umami,1,0,0,1
AEA,"Bitter,Astringency",1,1,1,1
AED,Umami,1,0,0,1
ADA,Umami,1,0,1,1
ADE,Umami,1,0,0,1
DAG,Umami,1,1,1,1
DAE,Umami,1,1,1,1
DDD,Umami,1,1,0,1
GY,Umami,0,0,1,1
DDE,Bitter,1,1,0,1
DQR,Umami,1,1,1,1
DR,"Sour,Umami,Astringency",1,0,0,1
NAL,"Umami,Astringency",0,0,1,1
DED,Bitter,1,0,0,1
DEE,Umami,1,0,0,1
DEL,Umami,1,0,0,1
NGG,"Sour,Bitter",0,0,0,1
DES,Umami,1,1,0,1
LLF,Bitter,0,0,1,1
FW,Umami,0,0,0,1
NNP,Bitter,1,1,1,1
LLL,Umami,0,0,0,1
GL,Bitter,0,0,0,1
GF,Bitter,0,0,0,1
EDD,Bitter,1,1,0,1
FL,"Sweet,Umami",0,0,0,1
PR,Bitter,0,0,0,1
EDE,Bitter,1,0,0,1
EDF,Bitter,0,0,0,1
EDV,Umami,1,0,0,1
EDG,Bitter,1,0,0,1
EQE,Bitter,1,0,1,1
GR,Umami,0,0,0,1
EEE,Umami,1,0,0,1
YP,Umami,0,1,0,1
IV,"Sour,Umami",0,0,0,1
EED,Umami,1,0,0,1
KF,Bitter,0,1,0,1
EEL,Umami,1,0,0,1
RG,Bitter,0,0,0,1
RR,Bitter,0,0,0,1
EEK,Umami,1,0,0,1
VI,Bitter,0,0,0,1
ESV,Umami,1,1,1,1
EGS,Bitter,1,0,0,1
PK,Bitter,0,0,1,1
PP,Umami,0,0,0,1
LI,Bitter,0,1,0,1
GDG,Umami,1,1,1,1
YG,Umami,0,0,0,1
GFP,Bitter,0,0,1,1
LDL,Bitter,1,1,0,1
LVG,Bitter,1,1,1,1
PLA,Umami,0,1,1,1
PAQ,Bitter,1,1,1,1
PGD,Umami,0,0,1,1
PSG,Umami,0,1,1,1
SEE,Umami,1,1,0,1
VF,Umami,0,0,0,1
SPE,Umami,1,0,1,1
SFG,Umami,0,0,1,1
TAY,Umami,1,0,1,1
TPE,Umami,1,0,1,1
VAV,Bitter,1,1,1,1
VDV,Umami,1,0,0,1
VEV,Umami,1,0,0,1
VES,Umami,1,1,0,1
VY,Umami,0,0,0,1
VGG,Umami,0,0,0,1
KP,Umami,0,1,0,1
RF,Umami,1,1,0,1
VPY,Umami,1,0,1,1
YY,Bitter,0,0,0,1
IF,Umami,0,0,0,1
RP,Bitter,0,0,0,1
FI,Bitter,0,0,0,1
YF,Umami,0,0,0,1
AV,Bitter,0,1,0,1
VA,Bitter,1,1,0,1
PA,Umami,0,1,0,1
ID,Bitter,0,0,0,1
IE,Bitter,0,0,0,1
IS,Bitter,0,0,0,1
IT,Bitter,0,1,0,1
IQ,Bitter,0,0,0,1
SL,Bitter,0,0,0,1
IN,Bitter,1,0,0,1
WE,Umami,0,0,0,1
IK,Bitter,0,1,0,1
AL,Umami,1,1,0,1
LA,Bitter,0,1,0,1
PY,Umami,1,0,0,1
GW,Bitter,0,0,0,1
PL,Bitter,1,1,1,1
PI,Bitter,0,0,0,1
IP,Bitter,0,1,0,1
YL,Umami,0,0,0,1
LY,Bitter,0,0,0,1
IW,Bitter,0,1,0,1
FY,Bitter,0,1,0,1
LW,Bitter,0,0,0,1
WW,Bitter,0,0,0,1
GV,Bitter,0,1,0,1
LG,Umami,0,0,0,1
GP,Bitter,0,0,0,1
AF,Bitter,0,1,0,1
FG,Bitter,0,0,0,1
IG,Bitter,0,0,0,1
VL,Umami,0,0,0,1
PF,Bitter,0,0,0,1
GI,Bitter,0,0,0,1
LL,Bitter,0,0,0,1
II,Bitter,0,0,0,1
IL,Bitter,1,1,0,1
FP,Umami,0,0,0,1
LF,Bitter,0,0,0,1
FF,Bitter,0,0,0,1
LGG,Bitter,0,0,0,1
GGV,Bitter,0,0,0,1
PGR,Umami,0,0,0,1
GPG,Bitter,0,0,0,1
GYG,Bitter,0,0,0,1
RGP,Bitter,0,0,0,1
GLG,Bitter,0,0,0,0
GGL,Bitter,0,0,0,1
GGP,Bitter,0,0,0,1
PGP,Umami,0,0,1,1
PPG,Bitter,0,0,1,1
LLG,Bitter,0,0,0,1
LGL,Bitter,0,0,0,1
FGG,Bitter,0,0,0,1
FPP,Bitter,0,0,0,1
RRR,Bitter,0,0,0,1
GFG,Bitter,0,0,0,1
FFG,Bitter,0,0,0,1
PPP,Bitter,0,0,0,1
GGF,Bitter,0,0,0,1
FGF,Bitter,0,0,0,1
GRP,Bitter,0,0,0,1
RPG,Bitter,0,0,0,1
GFF,Bitter,0,0,0,1
FFF,Bitter,0,0,0,1
GLL,Bitter,0,0,0,1
PGG,Bitter,0,0,0,1
FPK,Bitter,0,0,0,1
YGG,Bitter,0,0,0,1
PPF,Bitter,0,0,0,1
VIF,Bitter,0,0,0,1
YGY,Bitter,0,0,0,1
YYG,Bitter,0,0,0,1
KPF,Bitter,0,0,0,1
GYY,Bitter,0,0,0,1
FPF,Bitter,0,0,0,1
GVV,Bitter,0,0,0,1
FIV,Bitter,0,0,0,1
VVV,Bitter,0,0,0,1
VYP,Bitter,0,1,0,1
KPK,Bitter,0,0,0,1
PFP,Bitter,0,0,0,1
YPF,Bitter,0,0,0,1
EGG,Bitter,0,0,0,1
DLL,Bitter,0,0,0,1
ELL,Bitter,1,0,0,1
PIP,Bitter,0,0,0,1
EMH,Bitter,0,0,1,1
VEH,Bitter,0,0,0,1
GLE,Bitter,0,0,0,1
TGC,Bitter,1,1,1,1
QL,Bitter,0,0,1,1
HV,Bitter,0,0,1,1
PET,Bitter,1,0,0,1
APA,Bitter,0,1,1,1
DCG,Bitter,1,0,1,1
RFPHADF,Bitter,0,0,1,1
ASEFFR,Bitter,0,0,0,1
YGLF,Bitter,0,0,0,1
IPAVF,Bitter,0,1,1,1
YPFPGPIPN,Bitter,0,0,0,1
AAPY,Bitter,1,1,1,1
ESLA,Bitter,0,1,1,1
EDQK,Bitter,1,1,1,1
GGGE,Bitter,0,0,0,1
GGPG,Bitter,0,0,0,1
IQEL,Bitter,1,0,1,1
LEQL,Bitter,1,0,0,1
QEEK,Bitter,1,0,1,1
NRTF,Bitter,1,1,1,1
VEAL,Bitter,1,0,0,1
RRPPFF,Bitter,0,0,0,1
RGPPFIV,Bitter,0,0,0,1
RPPPFFF,Bitter,0,0,0,1
RRPPPFFF,Bitter,0,0,0,1
VYPFPPGINH,Bitter,0,0,0,1
RPGFF,Bitter,0,0,0,1
RPGGFF,Bitter,0,0,0,1
FFRPFFRPFF,Bitter,0,0,0,1
RPFG,Bitter,0,0,0,1
GPFF,Bitter,0,0,0,1
RGFF,Bitter,0,0,0,1
RPGF,Bitter,0,0,0,1
FFPR,Bitter,0,0,0,1
GGGLG,Bitter,0,0,0,1
GGLGG,Bitter,0,0,0,1
LGGGG,Bitter,0,0,0,1
GLGGG,Bitter,0,0,0,1
GGGGL,Bitter,0,0,0,1
GGLG,Bitter,0,0,0,1
GLGG,Bitter,0,0,0,1
LGGG,Bitter,0,0,0,1
GGGL,Bitter,0,0,0,1
LLLL,Bitter,0,0,0,1
RRPFF,Bitter,0,0,0,1
FFPP,Bitter,0,0,0,1
GPPF,Bitter,0,0,0,1
VYPFPPIGNH,Bitter,0,0,0,1
VYPF,Bitter,0,0,0,1
RPFF,Bitter,0,0,0,1
RGPGPIIV,Bitter,0,0,0,1
RPFFRPFF,Bitter,0,0,0,1
PVRGPFPIIV,Bitter,0,0,0,1
RPFFRPFFRPFF,Bitter,0,0,0,1
RGPPFIVRGPPFIV,Bitter,0,0,0,1
PVLGPVRGPFPIIV,Bitter,0,0,0,1
FGFG,Bitter,0,0,0,1
FGGF,Bitter,0,0,0,1
PVLGPV,Bitter,0,0,0,1
PFPIIV,Bitter,0,0,0,1
VIIPFPG,Bitter,0,0,0,1
RGPFPIV,Bitter,0,0,0,1
VIPFPGR,Bitter,0,0,0,1
VIIPFPGR,Bitter,0,0,0,1
RGPPGF,Bitter,0,0,0,1
RRPPGF,Bitter,0,0,0,1
RGPPFF,Bitter,0,0,0,1
RGPPGGV,Bitter,0,0,0,1
RGPPGIG,Bitter,0,0,0,1
RGPPGGF,Bitter,0,0,0,1
RGPPFGG,Bitter,0,0,0,1
RGPPGFG,Bitter,0,0,0,1
RGPPGFF,Bitter,0,0,0,1
RGPPFFF,Bitter,0,0,0,1
RGPPGGFF,Bitter,0,0,0,1
RGPPGGGFF,Bitter,0,0,0,1
RGPPF,Bitter,0,0,0,1
PPFIV,Bitter,0,0,0,1
GPPFIV,Bitter,0,0,0,1
RPPFIV,Bitter,0,0,0,1
RGPFIV,Bitter,0,0,0,1
RGPPFI,Bitter,0,0,0,1
PFIV,Bitter,0,0,0,1
VIFPPG,Bitter,0,0,0,1
VIFPPGR,Bitter,0,0,0,1
FPPFIV,Bitter,0,0,0,1
KPPFIV,Bitter,0,0,0,1
GGRGPPFIV,Bitter,0,0,0,1
RGPPFIVGG,Bitter,0,0,0,1
GGRGPPFIVGG,Bitter,0,0,0,1
GGVVV,Bitter,0,0,0,1
FFPGG,Bitter,0,0,0,1
GGFFGG,Bitter,0,0,0,1
RPFFGG,Bitter,0,0,0,1
FFGG,Bitter,0,0,0,1
RRPP,Bitter,0,0,0,1
FFPE,Bitter,0,0,0,1
GGFF,Bitter,0,0,0,1
FFPG,Bitter,0,0,0,1
GGRPFFGG,Bitter,0,0,0,1
PFPP,Bitter,0,0,0,1
RGGFIV,Bitter,0,0,0,1
RGPKPIIV,Bitter,0,0,0,1
RGPPFIIV,Bitter,0,0,0,1
RGPEPIIV,Bitter,0,0,0,1
RGPFPIIV,Bitter,0,0,0,1
VYPFPPG,Umami,0,0,0,1
VYPFPPGI,Umami,0,0,0,1
VYPFPPGIGG,"Sour,Sweet,Salt,Umami",0,0,0,1
VYPFGGGINH,"Salt,Umami",0,0,0,1
PGPIP,"Sour,Sweet,Umami",0,0,1,1
PGPGPG,"Umami,Kokumi",0,0,0,1
PFPGPI,Umami,0,0,0,1
PFPGPIP,Umami,0,0,0,1
YPFPGPI,Umami,0,0,0,1
AFDEK,Umami,1,1,1,1
EEDGK,Umami,1,0,0,1
EAGIQ,Umami,0,0,1,1
EQQQQ,"Sour,Sweet,Umami",1,0,1,1
LPEEV,Umami,1,1,0,1
CALTP,Umami,1,1,1,1
EESLA,Umami,1,1,0,1
EQEEK,Umami,1,0,1,1
VVGET,Umami,1,0,0,1
SAEQT,"Sour,Umami,Astringency",1,1,1,1
HCHTN,"Umami,Kokumi,Astringency",1,0,1,1
SEGGR,Umami,0,0,0,1
KSAEN,Umami,1,1,1,1
KGDEE,Umami,1,1,1,1
ALPAEV,Umami,1,1,0,1
NVVGET,Umami,1,0,1,1
CCNKSV,Umami,1,1,1,1
ENINEL,Umami,1,0,0,1
ALPEEV,Umami,1,1,0,1
TESSSE,"Sour,Salt,Umami,Kokumi",1,1,0,1
KAPSTM,"Sweet,Umami",0,0,1,1
INEL,"Sweet,Salt,Umami",1,0,1,1
GPDPER,"Sweet,Umami",0,0,0,1
INKPGL,"Sour,Umami",0,0,1,1
SDSCIR,"Sour,Salt,Umami",0,1,1,1
QDSIGS,"Sour,Umami",1,0,0,1
ADGLWL,"Sour,Umami",0,0,1,1
GFLGPQ,Umami,0,0,1,1
WDDMEK,Umami,1,1,0,1
VADLMR,Umami,1,0,0,1
STELFK,Umami,1,0,1,1
DALKKK,Umami,1,1,1,1
KEMQKN,Umami,1,1,1,1
HNESQN,Umami,0,1,1,1
TGDPEK,Umami,1,0,1,1
KGGGGP,"Sour,Umami",0,0,1,1
AHSVRFY,"Sour,Salt,Umami",1,1,1,1
ASNMSDL,Umami,1,1,1,1
LQPLNAH,"Sour,Umami,Astringency",1,0,1,1
IQQDDCK,Umami,1,0,1,1
SEASNNK,Umami,1,1,1,1
IGPGLGR,Umami,0,0,0,1
AGDDAPR,Umami,1,1,1,1
KDGGGGK,"Sweet,Umami",0,0,1,1
AEASALR,Umami,1,1,0,1
LGDVLVR,Umami,0,1,1,1
FVGLQER,Umami,1,1,1,1
RGEPNND,Umami,1,0,0,1
AGAGPTP,Umami,0,0,1,1
VYETPDR,Umami,0,0,0,1
DAPYDYK,Umami,1,1,1,1
NQEGLFR,Umami,0,1,0,1
AQALQAQA,Umami,1,1,1,1
KGDEESLA,"Sweet,Umami",1,1,1,1
KGSLADEE,"Umami,Kokumi",1,1,1,1
SLADEEKG,Umami,1,1,0,1
SLAKGDEE,Umami,1,1,1,1
YGGTPPFV,Umami,0,0,0,1
VAPEEHPT,"Sweet,Umami",1,1,0,1
FAGDDAPR,"Umami,Astringency",1,1,1,1
PECGLVVG,"Sour,Umami,Astringency",1,1,1,1
FADNVFAL,"Sour,Sweet,Umami",1,1,1,1
RPNPFENR,Umami,1,0,0,1
DPLRGGYY,Umami,0,0,1,1
QAEADMAR,"Sweet,Umami",1,1,0,1
HGEDKEGE,Umami,1,0,1,1
IPIPATKT,"Sweet,Umami",0,1,1,1
GRVSNCAA,"Sweet,Umami",0,1,1,1
QIEELEGK,Umami,1,0,1,1
TDVEQEGD,Umami,1,0,1,1
GLLPDGTPR,"Sweet,Salt,Umami",0,1,0,1
STMLLESER,"Sweet,Umami",0,0,1,1
LLLPGELAK,"Sweet,Umami,Kokumi",0,0,1,1
LLLPGELAF,Umami,0,0,0,1
PGPAGPAGP,"Sweet,Umami",0,0,0,1
GPAGPAGPR,Umami,0,0,0,1
MAASGDVGK,Umami,1,1,1,1
TREQMIHER,Umami,0,1,1,1
EGSTIGLSK,Umami,1,0,1,1
ANPGPVRDLR,Umami,0,0,1,1
QVAIAHRDAK,Umami,1,1,1,1
AGFAGDDAPR,Umami,1,0,0,1
GYSFTTTAER,Umami,1,1,1,1
GFSFTTTAER,"Sweet,Umami,Kokumi",0,0,1,1
VVLNPVARVE,"Sweet,Umami",0,1,1,1
LLDAFFFDNK,Umami,0,0,1,1
EATLWDMEEK,Umami,1,0,1,1
VLPTDQNFILR,Umami,1,1,0,1
MTNLLEDLSFR,"Sweet,Umami",1,0,1,1
LPLLEEAFLSR,"Umami,Kokumi,Astringency",1,0,0,1
MEREQEESTMR,Umami,1,0,0,1
VTADESQQDVLF,Umami,1,1,0,1
DAGVIAGLNVLR,Umami,0,1,1,1
NALKSVECYDAR,Umami,1,0,1,1
AKLTSLEEECQR,"Umami,Astringency",1,0,1,1
GFGDSCTPGKNER,Umami,0,0,1,1
YADSNIQINGTDR,Umami,1,1,0,1
YLASCLSSVKEEK,Umami,1,1,1,1
RGENESEEEGAIVT,Umami,1,0,0,1
RGENESDEFGAIVT,Umami,1,0,0,1
AREIALQELGEQAK,Umami,1,0,1,1
EQLEATVQKLDESR,Umami,1,0,1,1
IMEALAGAGIDPRR,Umami,0,0,1,1
RGENESDEQGAIVT,Umami,1,0,0,1
SGVVAAVNDAAKDFHG,"Sour,Umami",0,1,1,1
VLSLNSGTEAVEAAIK,Umami,0,1,0,1
DEDFKREP,Umami,1,1,1,1
LYER,"Sweet,Umami,Kokumi",1,1,0,1
VRSY,"Sweet,Umami,Kokumi",1,0,1,1
NGKET,Umami,1,1,0,1
EHAMLN,"Umami,Kokumi",0,1,1,1
EFKEYN,Umami,1,0,1,1
KGRYER,"Sweet,Umami,Kokumi",1,1,0,1
TLRRCM,"Umami,Kokumi",1,0,1,1
DFKREP,Umami,0,1,1,1
DREKFDE,Umami,1,1,1,1
PGGVRNG,"Sour,Umami,Kokumi",0,0,1,1
PVARMCR,"Umami,Kokumi",1,1,1,1
NWDDMEK,"Sweet,Umami",1,1,1,1
EFEGGSIEH,Umami,0,0,0,1
YKCKDGDLR,"Umami,Kokumi",0,0,1,1
ASLDGEFKG,"Sweet,Umami,Kokumi",1,1,1,1
DVNNPANQLD,Umami,1,0,1,1
NNENQLDEYQR,Umami,1,0,0,1
ALASLDGEFKG,"Sweet,Umami,Kokumi",0,1,0,1
