PepName,Taste,Vitro_verit,Status,Len
AD,"Bitter,Umami",1,1,2
AE,Umami,1,1,2
AH,"Sour,Bitter,Umami,Astringent",1,1,2
RL,Umami,1,1,2
NY,Umami,1,1,2
DA,Umami,1,1,2
DL,Umami,1,1,2
DK,Umami,1,1,2
DD,Umami,1,1,2
DE,Umami,1,1,2
CE,"Sour,Umami",1,1,2
EA,Umami,1,1,2
EN,Umami,1,1,2
ED,Umami,1,1,2
EE,Umami,1,1,2
EG,Umami,1,1,2
EL,Umami,1,1,2
EK,Umami,1,1,2
EP,Umami,1,1,2
ES,Umami,1,1,2
ET,Umami,1,1,2
EY,Umami,1,1,2
EV,"Sweet,Umami",1,1,2
GD,Umami,1,1,2
GE,"Bitter,Umami",1,1,2
LD,Bitter,1,1,2
QP,Umami,1,1,2
LE,"Bitter,Umami",1,1,2
LEL,Bitter,1,1,3
CPR,"Sour,Sweet,Kokumi",1,1,3
LV,"Bitter,Umami",1,1,2
KG,Umami,1,1,2
PE,Umami,1,1,2
TE,Umami,1,1,2
HS,Umami,1,1,2
SGVQ,"Sour,Sweet",1,1,4
CMT,Kokumi,1,1,3
VD,"Bitter,Umami",1,1,2
AQ,Sour,1,1,2
PC,"Sour,Sweet",1,1,2
VE,"Bitter,Umami",1,1,2
FEA,Sour,1,1,3
VG,"Bitter,Umami",1,1,2
LM,"Sour,Bitter",1,1,2
VV,"Bitter,Umami",1,1,2
VT,Umami,1,1,2
RFPHADF,"Bitter,Astringent",1,1,7
AEA,Umami,1,1,3
AED,Umami,1,1,3
ADA,Umami,1,1,3
ADE,Umami,1,1,3
DAG,Umami,1,1,3
DAE,Umami,1,1,3
DDD,Umami,1,1,3
GY,Bitter,1,1,2
DDE,Umami,1,1,3
EVY,Astringent,1,1,3
AGY,Astringent,1,1,3
SEC,Astringent,1,1,3
DQR,"Sour,Umami,Astringent",1,1,3
AEP,Astringent,1,1,3
DR,"Umami,Astringent",1,1,2
NTC,Astringent,1,1,3
NAL,Bitter,1,1,3
EVC,Astringent,1,1,3
ENF,Astringent,1,1,3
DED,Umami,1,1,3
GGGS,Astringent,1,1,4
DEE,Umami,1,1,3
ASEFFR,"Sour,Bitter",1,1,6
DEL,Umami,1,1,3
YGLF,Bitter,1,1,4
NGG,Umami,1,1,3
IPAVF,Bitter,1,1,5
DES,Umami,1,1,3
LLF,Bitter,1,1,3
YPFPGPIPN,Bitter,1,1,9
FW,Bitter,1,1,2
NNP,"Sweet,Umami",1,1,3
LLL,Bitter,1,1,3
GL,Bitter,1,1,2
GF,Bitter,1,1,2
EDD,Umami,1,1,3
FL,Bitter,1,1,2
PR,Bitter,1,1,2
EDE,Umami,1,1,3
EDF,Umami,1,1,3
EDV,Umami,1,1,3
EDG,"Sour,Umami",1,1,3
EQE,Umami,1,1,3
GR,Bitter,1,1,2
EEE,Umami,1,1,3
YP,Bitter,1,1,2
IV,Bitter,1,1,2
EED,Umami,1,1,3
KF,Bitter,1,1,2
EEL,Umami,1,1,3
RG,Bitter,1,1,2
EGF,"Bitter,Umami,Kokumi",1,1,3
RR,Bitter,1,1,2
EEK,Umami,1,1,3
VI,Bitter,1,1,2
ESV,Umami,1,1,3
EGS,Umami,1,1,3
PK,Bitter,1,1,2
PP,Bitter,1,1,2
LI,Bitter,1,1,2
GDG,Umami,1,1,3
YG,Bitter,1,1,2
GEG,"Bitter,Umami",1,1,3
GGY,"Bitter,Umami",1,1,3
GFP,Umami,1,1,3
LDL,Umami,1,1,3
LVG,Umami,1,1,3
PLA,Umami,1,1,3
PAQ,Umami,1,1,3
PGD,Umami,1,1,3
PSG,Umami,1,1,3
SEE,Umami,1,1,3
VF,Bitter,1,1,2
SPE,Umami,1,1,3
SFG,Umami,1,1,3
TAY,Umami,1,1,3
TPE,Umami,1,1,3
VAV,Umami,1,1,3
VDV,Umami,1,1,3
VEV,Umami,1,1,3
VES,Umami,1,1,3
VY,Bitter,1,1,2
VGG,Umami,1,1,3
KP,Bitter,1,1,2
RF,Bitter,1,1,2
VPY,Umami,1,1,3
YY,Bitter,1,1,2
IF,Bitter,1,1,2
AAPY,Umami,1,1,4
RP,Bitter,1,1,2
FI,Bitter,1,1,2
YF,Bitter,1,1,2
AV,Bitter,1,1,2
VA,Bitter,1,1,2
PA,Bitter,1,1,2
ID,Bitter,1,1,2
ESLA,Umami,1,1,4
IE,Bitter,1,1,2
EDQK,Umami,1,1,4
IS,Bitter,1,1,2
GGGE,Umami,1,1,4
IT,Bitter,1,1,2
IQ,Bitter,1,1,2
SL,Bitter,1,1,2
IN,Bitter,1,1,2
GGPG,Umami,1,1,4
WE,Bitter,1,1,2
IK,Bitter,1,1,2
AL,Bitter,1,1,2
LA,Bitter,1,1,2
PY,Bitter,1,1,2
GW,Bitter,1,1,2
IQEL,Umami,1,1,4
PL,Bitter,1,1,2
PI,Bitter,1,1,2
IP,Bitter,1,1,2
YL,Bitter,1,1,2
LEQL,Umami,1,1,4
LY,Bitter,1,1,2
IW,Bitter,1,1,2
FY,Bitter,1,1,2
LW,Bitter,1,1,2
WW,Bitter,1,1,2
QEEK,Umami,1,1,4
GV,Bitter,1,1,2
LG,Bitter,1,1,2
GP,Bitter,1,1,2
AF,Bitter,1,1,2
NRTF,Umami,1,1,4
FG,Bitter,1,1,2
IG,Bitter,1,1,2
VL,Bitter,1,1,2
PF,Bitter,1,1,2
GI,Bitter,1,1,2
LL,Bitter,1,1,2
VEAL,Umami,1,1,4
II,Bitter,1,1,2
IL,Bitter,1,1,2
FP,Bitter,1,1,2
LF,Bitter,1,1,2
FF,Bitter,1,1,2
SEEK,"Bitter,Umami",1,1,4
APAP,"Sour,Salty",1,1,4
LGG,Bitter,1,1,3
GGV,Bitter,1,1,3
PGR,Bitter,1,1,3
GPG,Bitter,1,1,3
GYG,Bitter,1,1,3
RGP,Bitter,1,1,3
GLG,Bitter,1,1,3
GGL,Bitter,1,1,3
GGP,Bitter,1,1,3
PGP,Bitter,1,1,3
PPG,Bitter,1,1,3
LLG,Bitter,1,1,3
LGL,Bitter,1,1,3
FGG,Bitter,1,1,3
FPP,Bitter,1,1,3
RRR,Bitter,1,1,3
GFG,Bitter,1,1,3
FFG,Bitter,1,1,3
PPP,Bitter,1,1,3
GGF,Bitter,1,1,3
FGF,Bitter,1,1,3
GRP,Bitter,1,1,3
RPG,Bitter,1,1,3
GFF,Bitter,1,1,3
FFF,Bitter,1,1,3
RRPPFF,Bitter,1,1,6
RGPPFIV,Bitter,1,1,7
RPPPFFF,Bitter,1,1,7
RRPPPFFF,Bitter,1,1,8
VYPFPPGINH,Bitter,1,1,10
RPGFF,Bitter,1,1,5
RPGGFF,Bitter,1,1,6
FFRPFFRPFF,Bitter,1,1,10
RPFG,Bitter,1,1,4
GPFF,Bitter,1,1,4
RGFF,Bitter,1,1,4
RPGF,Bitter,1,1,4
FFPR,Bitter,1,1,4
GLL,Bitter,1,1,3
GGGLG,Bitter,1,1,5
GGLGG,Bitter,1,1,5
LGGGG,Bitter,1,1,5
GLGGG,Bitter,1,1,5
GGGGL,Bitter,1,1,5
GGLG,Bitter,1,1,4
GLGG,Bitter,1,1,4
LGGG,Bitter,1,1,4
GGGL,Bitter,1,1,4
LLLL,Bitter,1,1,4
PGG,Bitter,1,1,3
FPK,Bitter,1,1,3
YGG,Bitter,1,1,3
PPF,Bitter,1,1,3
VIF,Bitter,1,1,3
YGY,Bitter,1,1,3
RRPFF,Bitter,1,1,5
YYG,Bitter,1,1,3
KPF,Bitter,1,1,3
GYY,Bitter,1,1,3
FPF,Bitter,1,1,3
FFPP,Bitter,1,1,4
GPPF,Bitter,1,1,4
VYPFPPIGNH,Bitter,1,1,10
VYPF,Bitter,1,1,4
RPFF,Bitter,1,1,4
RGPGPIIV,Bitter,1,1,8
RPFFRPFF,Bitter,1,1,8
PVRGPFPIIV,Bitter,1,1,10
RPFFRPFFRPFF,Bitter,1,1,12
RGPPFIVRGPPFIV,Bitter,1,1,14
PVLGPVRGPFPIIV,Bitter,1,1,14
FGFG,Bitter,1,1,4
FGGF,Bitter,1,1,4
PVLGPV,Bitter,1,1,6
PFPIIV,Bitter,1,1,6
VIIPFPG,Bitter,1,1,7
RGPFPIV,Bitter,1,1,7
VIPFPGR,Bitter,1,1,7
VIIPFPGR,Bitter,1,1,8
GVV,Bitter,1,1,3
FIV,Bitter,1,1,3
RGPPGF,Bitter,1,1,6
RRPPGF,Bitter,1,1,6
RGPPFF,Bitter,1,1,6
RGPPGGV,Bitter,1,1,7
RGPPGIG,Bitter,1,1,7
RGPPGGF,Bitter,1,1,7
RGPPFGG,Bitter,1,1,7
RGPPGFG,Bitter,1,1,7
RGPPGFF,Bitter,1,1,7
RGPPFFF,Bitter,1,1,7
RGPPGGFF,Bitter,1,1,8
RGPPGGGFF,Bitter,1,1,9
RGPPF,Bitter,1,1,5
PPFIV,Bitter,1,1,5
GPPFIV,Bitter,1,1,6
RPPFIV,Bitter,1,1,6
RGPFIV,Bitter,1,1,6
RGPPFI,Bitter,1,1,6
PFIV,Bitter,1,1,4
VIFPPG,Bitter,1,1,6
VIFPPGR,Bitter,1,1,7
FPPFIV,Bitter,1,1,6
KPPFIV,Bitter,1,1,6
GGRGPPFIV,Bitter,1,1,9
RGPPFIVGG,Bitter,1,1,9
GGRGPPFIVGG,Bitter,1,1,11
VVV,Bitter,1,1,3
GGVVV,Bitter,1,1,5
FFPGG,Bitter,1,1,5
GGFFGG,Bitter,1,1,6
RPFFGG,Bitter,1,1,6
FFGG,Bitter,1,1,4
RRPP,Bitter,1,1,4
FFPE,Bitter,1,1,4
GGFF,Bitter,1,1,4
FFPG,Bitter,1,1,4
GGRPFFGG,Bitter,1,1,8
VYP,Bitter,1,1,3
KPK,Bitter,1,1,3
PFP,Bitter,1,1,3
YPF,Bitter,1,1,3
PFPP,Bitter,1,1,4
RGGFIV,Bitter,1,1,6
RGPKPIIV,Bitter,1,1,8
RGPPFIIV,Bitter,1,1,8
RGPEPIIV,Bitter,1,1,8
RGPFPIIV,Bitter,1,1,8
VYPFPPG,Bitter,1,1,7
VYPFPPGI,Bitter,1,1,8
VYPFPPGIGG,Bitter,1,1,10
VYPFGGGINH,Bitter,1,1,10
EGG,Bitter,1,1,3
DLL,Bitter,1,1,3
ELL,Bitter,1,1,3
PIP,Bitter,1,1,3
PGPIP,Bitter,1,1,5
PGPGPG,Bitter,1,1,6
PFPGPI,Bitter,1,1,6
PFPGPIP,Bitter,1,1,7
YPFPGPI,Bitter,1,1,7
AFDEK,Umami,1,1,5
EEDGK,Umami,1,1,5
EAGIQ,"Sour,Sweet,Salty,Umami",1,1,5
EQQQQ,"Salty,Umami",1,1,5
LPEEV,"Sour,Sweet,Umami",1,1,5
CALTP,"Umami,Kokumi",1,1,5
EESLA,Umami,1,1,5
EQEEK,Umami,1,1,5
VVGET,Umami,1,1,5
SAEQT,Umami,1,1,5
HCHTN,Umami,1,1,5
SEGGR,Umami,1,1,5
KSAEN,"Sour,Sweet,Umami",1,1,5
KGDEE,Umami,1,1,5
ALPAEV,Umami,1,1,6
RPLGNC,"Bitter,Umami,Kokumi,Astringent",1,1,6
NVVGET,Umami,1,1,6
CCNKSV,Umami,1,1,6
ENINEL,Umami,1,1,6
ALPEEV,"Sour,Umami,Astringent",1,1,6
TESSSE,"Umami,Kokumi,Astringent",1,1,6
KAPSTM,Umami,1,1,6
DEESLA,"Sour,Sweet,Bitter,Umami",1,1,6
INEL,Umami,1,1,4
GPDPER,Umami,1,1,6
INKPGL,Umami,1,1,6
SDSCIR,Umami,1,1,6
QDSIGS,Umami,1,1,6
ADGLWL,Umami,1,1,6
GFLGPQ,Umami,1,1,6
WDDMEK,"Sour,Salty,Umami,Kokumi",1,1,6
VADLMR,"Sweet,Umami",1,1,6
STELFK,"Sweet,Salty,Umami",1,1,6
DALKKK,"Sweet,Umami",1,1,6
KEMQKN,"Sour,Umami",1,1,6
HNESQN,"Sour,Salty,Umami",1,1,6
TGDPEK,"Sour,Umami",1,1,6
KGGGGP,"Sour,Umami",1,1,6
TYLPVH,"Sour,Bitter,Umami,Astringent",1,1,6
AHSVRFY,Umami,1,1,7
ASNMSDL,Umami,1,1,7
LQPLNAH,Umami,1,1,7
IQQDDCK,Umami,1,1,7
SEASNNK,Umami,1,1,7
IGPGLGR,Umami,1,1,7
AGDDAPR,Umami,1,1,7
KDGGGGK,Umami,1,1,7
AEASALR ,"Sour,Umami",1,1,8
LGDVLVR,"Sour,Salty,Umami",1,1,7
FVGLQER,Umami,1,1,7
RGEPNND,"Sour,Umami,Astringent",1,1,7
PAATIPE,"Sour,Sweet,Bitter,Umami",1,1,7
AGAGPTP,Umami,1,1,7
VYETPDR,Umami,1,1,7
DAPYDYK,Umami,1,1,7
NQEGLFR,Umami,1,1,7
AQALQAQA,"Sweet,Umami",1,1,8
KGDEESLA,Umami,1,1,8
KGSLADEE,Umami,1,1,8
SLADEEKG,Umami,1,1,8
SLAKGDEE,Umami,1,1,8
YGGTPPFV,Umami,1,1,8
VAPEEHPT,Umami,1,1,8
FAGDDAPR,Umami,1,1,8
PECGLVVG,Umami,1,1,8
FADNVFAL,Umami,1,1,8
RPNPFENR,"Sweet,Umami",1,1,8
DPLRGGYY,"Umami,Kokumi",1,1,8
AGLQFPVGR,"Bitter,Umami,Kokumi",1,1,9
QAEADMAR,Umami,1,1,8
HGEDKEGE,Umami,1,1,8
IPIPATKT,Umami,1,1,8
GRVSNCAA,"Sweet,Umami",1,1,8
QIEELEGK,"Umami,Astringent",1,1,8
TDVEQEGD,"Sour,Umami,Astringent",1,1,8
GLLPDGTPR,"Sour,Sweet,Umami",1,1,9
STMLLESER,Umami,1,1,9
LLLPGELAK,Umami,1,1,9
LLLPGELAF,"Sweet,Umami",1,1,9
PGPAGPAGP,Umami,1,1,9
GPAGPAGPR,"Sweet,Umami",1,1,9
MAASGDVGK,"Sweet,Umami",1,1,9
TREQMIHER,Umami,1,1,9
EGSTIGLSK,Umami,1,1,9
ANPGPVRDLR,"Sweet,Salty,Umami",1,1,10
QVAIAHRDAK,"Sweet,Umami",1,1,10
AGFAGDDAPR,"Sweet,Umami,Kokumi",1,1,10
GYSFTTTAER,Umami,1,1,10
GFSFTTTAER,"Sweet,Umami",1,1,10
VVLNPVARVE,Umami,1,1,10
LLDAFFFDNK,Umami,1,1,10
EATLWDMEEK,Umami,1,1,10
VLPTDQNFILR,Umami,1,1,11
MTNLLEDLSFR,Umami,1,1,11
LPLLEEAFLSR,Umami,1,1,11
MEREQEESTMR,Umami,1,1,11
VTADESQQDVLF,Umami,1,1,12
DAGVIAGLNVLR,"Sweet,Umami,Kokumi",1,1,12
NALKSVECYDAR,"Sweet,Umami",1,1,12
AKLTSLEEECQR,Umami,1,1,12
GFGDSCTPGKNER,Umami,1,1,13
YADSNIQINGTDR,Umami,1,1,13
YLASCLSSVKEEK,"Sweet,Umami",1,1,13
RGENESEEEGAIVT,"Umami,Kokumi,Astringent",1,1,14
RGENESDEFGAIVT,Umami,1,1,14
AREIALQELGEQAK,Umami,1,1,14
EQLEATVQKLDESR,Umami,1,1,14
IMEALAGAGIDPRR,Umami,1,1,14
RGENESDEQGAIVT,"Umami,Astringent",1,1,14
GENEEEDSGAIVTVF,"Sour,Sweet,Bitter,Salty,Umami",1,1,15
SGVVAAVNDAAKDFHG,Umami,1,1,16
VLSLNSGTEAVEAAIK,Umami,1,1,16
EMH,Umami,1,1,3
VEH,Umami,1,1,3
GLE,Umami,1,1,3
TGC,Umami,1,1,3
QL,Umami,1,1,2
HV,Umami,1,1,2
PET,Umami,1,1,3
DEDFKREP,"Sour,Umami",1,1,8
APA,Umami,1,1,3
DCG,Umami,1,1,3
LYER,"Sweet,Umami,Kokumi",1,1,4
VRSY,"Sweet,Umami,Kokumi",1,1,4
NGKET,Umami,1,1,5
EHAMLN,"Umami,Kokumi",1,1,6
EFKEYN,Umami,1,1,6
KGRYER,"Sweet,Umami,Kokumi",1,1,6
TLRRCM,"Umami,Kokumi",1,1,6
DFKREP,Umami,1,1,6
DREKFDE,Umami,1,1,7
PGGVRNG,"Sour,Umami,Kokumi",1,1,7
PVARMCR,"Umami,Kokumi",1,1,7
NWDDMEK,"Sweet,Umami",1,1,7
KTGLSPDQF,"Sweet,Bitter,Umami",1,1,9
EFEGGSIEH,Umami,1,1,9
YKCKDGDLR,"Umami,Kokumi",1,1,9
KTDLNFENL,"Bitter,Umami",1,1,9
ASLDGEFKG,"Sweet,Umami,Kokumi",1,1,9
DVNNPANQLD,Umami,1,1,10
NNENQLDEYQR,Umami,1,1,11
ALASLDGEFKG,"Sweet,Umami,Kokumi",1,1,11
RLGSSEVEQVQ,"Sour,Bitter,Umami",1,1,11
